{"C:\\Users\\Bryan\\DevEcoStudioProjects\\HealthAppFix\\AppScope\\app.json5":{"hashValue":"b5be33652518d04cbfdcba7501ee986b","name":"app.json5","path":"C:\\Users\\Bryan\\DevEcoStudioProjects\\HealthAppFix\\AppScope\\app.json5","type":"file","isSymbolicLink":false,"fileMetaData":{"size":224,"lastModifiedTime":1766120841031}},"C:\\Users\\Bryan\\DevEcoStudioProjects\\HealthAppFix\\entry\\src\\main\\module.json5":{"hashValue":"9ab8d064f5de872c6ae7dc05d4051fd6","name":"module.json5","path":"C:\\Users\\Bryan\\DevEcoStudioProjects\\HealthAppFix\\entry\\src\\main\\module.json5","type":"file","isSymbolicLink":false,"fileMetaData":{"size":1710,"lastModifiedTime":1766646830393}},"C:\\Users\\Bryan\\DevEcoStudioProjects\\HealthAppFix\\build-profile.json5":{"hashValue":"b0524fef7fed85f2bdb654b72ba96452","name":"build-profile.json5","path":"C:\\Users\\Bryan\\DevEcoStudioProjects\\HealthAppFix\\build-profile.json5","type":"file","isSymbolicLink":false,"fileMetaData":{"size":798,"lastModifiedTime":1766120841014}},"C:\\Users\\Bryan\\DevEcoStudioProjects\\HealthAppFix\\entry\\build-profile.json5":{"hashValue":"4eb1df5d5a6fb8449ab7c0dde894634c","name":"build-profile.json5","path":"C:\\Users\\Bryan\\DevEcoStudioProjects\\HealthAppFix\\entry\\build-profile.json5","type":"file","isSymbolicLink":false,"fileMetaData":{"size":449,"lastModifiedTime":1766120841079}},"C:\\Users\\Bryan\\DevEcoStudioProjects\\HealthAppFix\\entry\\src\\main\\resources\\base\\profile\\main_pages.json":{"hashValue":"bdfbc149766e5e2d888310626dfb083e","name":"main_pages.json","path":"C:\\Users\\Bryan\\DevEcoStudioProjects\\HealthAppFix\\entry\\src\\main\\resources\\base\\profile\\main_pages.json","type":"file","isSymbolicLink":false,"fileMetaData":{"size":235,"lastModifiedTime":1767508883203}},"C:\\Users\\Bryan\\DevEcoStudioProjects\\HealthAppFix\\hvigor\\hvigor-config.json5":{"hashValue":"d1d252fc4872f876224dee5e3abd704d","name":"hvigor-config.json5","path":"C:\\Users\\Bryan\\DevEcoStudioProjects\\HealthAppFix\\hvigor\\hvigor-config.json5","type":"file","isSymbolicLink":false,"fileMetaData":{"size":1323,"lastModifiedTime":1766120837096}},"C:\\Users\\Bryan\\DevEcoStudioProjects\\HealthAppFix\\entry\\src\\mock\\mock-config.json5":{"hashValue":"04f588b73d23b0c0cfab7ed5ad376357","name":"mock-config.json5","path":"C:\\Users\\Bryan\\DevEcoStudioProjects\\HealthAppFix\\entry\\src\\mock\\mock-config.json5","type":"file","isSymbolicLink":false,"fileMetaData":{"size":3,"lastModifiedTime":1766120837402}},"C:\\Users\\Bryan\\DevEcoStudioProjects\\HealthAppFix\\entry\\oh-package.json5":{"hashValue":"e0da476bb8aacda077c43e446f85ab8f","name":"oh-package.json5","path":"C:\\Users\\Bryan\\DevEcoStudioProjects\\HealthAppFix\\entry\\oh-package.json5","type":"file","isSymbolicLink":false,"fileMetaData":{"size":183,"lastModifiedTime":1766120837222}},"C:\\Users\\Bryan\\DevEcoStudioProjects\\HealthAppFix\\oh-package.json5":{"hashValue":"f03dec32471b82c9d703fe3ab90d1e1e","name":"oh-package.json5","path":"C:\\Users\\Bryan\\DevEcoStudioProjects\\HealthAppFix\\oh-package.json5","type":"file","isSymbolicLink":false,"fileMetaData":{"size":210,"lastModifiedTime":1766120841070}},"C:\\Users\\Bryan\\DevEcoStudioProjects\\HealthAppFix\\entry\\build\\default\\intermediates\\hap_metadata\\default\\output_metadata.json":{"hashValue":"9bcec03a38df1a81512ab0b7f6b7db77","name":"output_metadata.json","path":"C:\\Users\\Bryan\\DevEcoStudioProjects\\HealthAppFix\\entry\\build\\default\\intermediates\\hap_metadata\\default\\output_metadata.json","type":"file","isSymbolicLink":false,"fileMetaData":{"size":100,"lastModifiedTime":1766647380896}},"C:\\Users\\Bryan\\DevEcoStudioProjects\\HealthAppFix\\entry\\build\\default\\intermediates\\merge_profile\\default\\module.json":{"hashValue":"0d680a886adee231a7cc4e6007e263c5","name":"module.json","path":"C:\\Users\\Bryan\\DevEcoStudioProjects\\HealthAppFix\\entry\\build\\default\\intermediates\\merge_profile\\default\\module.json","type":"file","isSymbolicLink":false,"fileMetaData":{"size":1826,"lastModifiedTime":1766647380904}},"C:\\Users\\Bryan\\DevEcoStudioProjects\\HealthAppFix\\entry\\build\\default\\generated\\profile\\default\\BuildProfile.ets":{"hashValue":"abc130a0333677e70ff5b2f9d2674205","name":"BuildProfile.ets","path":"C:\\Users\\Bryan\\DevEcoStudioProjects\\HealthAppFix\\entry\\build\\default\\generated\\profile\\default\\BuildProfile.ets","type":"file","isSymbolicLink":false,"fileMetaData":{"size":867,"lastModifiedTime":1766121313627}},"C:\\Users\\Bryan\\DevEcoStudioProjects\\HealthAppFix\\entry\\build\\default\\intermediates\\loader\\default\\pkgContextInfo.json":{"hashValue":"2f49d33ce1c6563e88a8dbd149350bfe","name":"pkgContextInfo.json","path":"C:\\Users\\Bryan\\DevEcoStudioProjects\\HealthAppFix\\entry\\build\\default\\intermediates\\loader\\default\\pkgContextInfo.json","type":"file","isSymbolicLink":false,"fileMetaData":{"size":444,"lastModifiedTime":1766121313645}},"C:\\Users\\Bryan\\DevEcoStudioProjects\\HealthAppFix\\entry\\src\\main\\resources\\base\\profile\\backup_config.json":{"hashValue":"3640248bbe605424917033d4a1cd0ac3","name":"backup_config.json","path":"C:\\Users\\Bryan\\DevEcoStudioProjects\\HealthAppFix\\entry\\src\\main\\resources\\base\\profile\\backup_config.json","type":"file","isSymbolicLink":false,"fileMetaData":{"size":36,"lastModifiedTime":1766120837598}},"C:\\Users\\Bryan\\DevEcoStudioProjects\\HealthAppFix\\entry\\build\\default\\outputs\\default\\pack.info":{"hashValue":"76af0af34ed22b489479b8a77c96c0ca","name":"pack.info","path":"C:\\Users\\Bryan\\DevEcoStudioProjects\\HealthAppFix\\entry\\build\\default\\outputs\\default\\pack.info","type":"file","isSymbolicLink":false,"fileMetaData":{"size":641,"lastModifiedTime":1766647380938}},"D:\\Huawei\\DevEco Studio\\sdk\\default\\openharmony\\toolchains\\syscap_tool.exe":{"hashValue":"5dd793aa758caf305e6649cbe035abf9","name":"syscap_tool.exe","path":"D:\\Huawei\\DevEco Studio\\sdk\\default\\openharmony\\toolchains\\syscap_tool.exe","type":"file","isSymbolicLink":false,"fileMetaData":{"size":356736,"lastModifiedTime":1758268618000}},"D:\\Huawei\\DevEco Studio\\sdk\\default\\openharmony\\ets\\api\\device-define":{"hashValue":"f289acd102794d86df77de771ab438f8","name":"device-define","path":"D:\\Huawei\\DevEco Studio\\sdk\\default\\openharmony\\ets\\api\\device-define","type":"directory","isSymbolicLink":false,"children":[{"hashValue":"9671f2a83051fc2b57cc5956c1147ac4","name":"default.json","path":"D:\\Huawei\\DevEco Studio\\sdk\\default\\openharmony\\ets\\api\\device-define\\default.json","type":"file","isSymbolicLink":false,"fileMetaData":{"size":12543,"lastModifiedTime":1758268618000}},{"hashValue":"4f72b94ad906c5790a3ec6131ba14a3f","name":"liteWearable.json","path":"D:\\Huawei\\DevEco Studio\\sdk\\default\\openharmony\\ets\\api\\device-define\\liteWearable.json","type":"file","isSymbolicLink":false,"fileMetaData":{"size":949,"lastModifiedTime":1758268618000}},{"hashValue":"ddfa499c5181d50c1516a8c360e4a031","name":"tablet.json","path":"D:\\Huawei\\DevEco Studio\\sdk\\default\\openharmony\\ets\\api\\device-define\\tablet.json","type":"file","isSymbolicLink":false,"fileMetaData":{"size":12056,"lastModifiedTime":1758268618000}},{"hashValue":"52596274810d0dba97239387a343f9f4","name":"wearable.json","path":"D:\\Huawei\\DevEco Studio\\sdk\\default\\openharmony\\ets\\api\\device-define\\wearable.json","type":"file","isSymbolicLink":false,"fileMetaData":{"size":10768,"lastModifiedTime":1758268618000}}]},"C:\\Users\\Bryan\\DevEcoStudioProjects\\HealthAppFix\\entry\\build\\default\\intermediates\\process_profile\\default\\module.json":{"hashValue":"32c4d8eb1701e44ddb88afed33521ec3","name":"module.json","path":"C:\\Users\\Bryan\\DevEcoStudioProjects\\HealthAppFix\\entry\\build\\default\\intermediates\\process_profile\\default\\module.json","type":"file","isSymbolicLink":false,"fileMetaData":{"size":1912,"lastModifiedTime":1766647381077}},"C:\\Users\\Bryan\\DevEcoStudioProjects\\HealthAppFix\\entry\\build\\default\\intermediates\\router_map\\default\\temp-router-map.json":{"hashValue":"c2230132cfe5f366b0cfcd0a1b1a31d9","name":"temp-router-map.json","path":"C:\\Users\\Bryan\\DevEcoStudioProjects\\HealthAppFix\\entry\\build\\default\\intermediates\\router_map\\default\\temp-router-map.json","type":"file","isSymbolicLink":false,"fileMetaData":{"size":16,"lastModifiedTime":1766647381083}},"C:\\Users\\Bryan\\DevEcoStudioProjects\\HealthAppFix\\entry\\build\\default\\intermediates\\router_map\\default\\loader-router-map.json":{"hashValue":"5092e9421884d2716ee9afd93486b9de","name":"loader-router-map.json","path":"C:\\Users\\Bryan\\DevEcoStudioProjects\\HealthAppFix\\entry\\build\\default\\intermediates\\router_map\\default\\loader-router-map.json","type":"file","isSymbolicLink":false,"fileMetaData":{"size":16,"lastModifiedTime":1766647381083}},"C:\\Users\\Bryan\\DevEcoStudioProjects\\HealthAppFix\\entry\\build\\default\\intermediates\\res\\default\\resConfig.json":{"hashValue":"a507c837421176f3622a0428bc8b126a","name":"resConfig.json","path":"C:\\Users\\Bryan\\DevEcoStudioProjects\\HealthAppFix\\entry\\build\\default\\intermediates\\res\\default\\resConfig.json","type":"file","isSymbolicLink":false,"fileMetaData":{"size":1202,"lastModifiedTime":1766121313875}},"C:\\Users\\Bryan\\DevEcoStudioProjects\\HealthAppFix\\entry\\build\\default\\intermediates\\res\\default\\opt-compression.json":{"hashValue":"46dc76cfe7e12c21d065461a40a3efda","name":"opt-compression.json","path":"C:\\Users\\Bryan\\DevEcoStudioProjects\\HealthAppFix\\entry\\build\\default\\intermediates\\res\\default\\opt-compression.json","type":"file","isSymbolicLink":false,"fileMetaData":{"size":180,"lastModifiedTime":1766121313873}},"C:\\Users\\Bryan\\DevEcoStudioProjects\\HealthAppFix\\entry\\build\\default\\intermediates\\loader\\default\\loader.json":{"hashValue":"b97507346f86d15feb9cf16d076bb92f","name":"loader.json","path":"C:\\Users\\Bryan\\DevEcoStudioProjects\\HealthAppFix\\entry\\build\\default\\intermediates\\loader\\default\\loader.json","type":"file","isSymbolicLink":false,"fileMetaData":{"size":1016,"lastModifiedTime":1766647381117}},"C:\\Users\\Bryan\\DevEcoStudioProjects\\HealthAppFix\\entry\\build\\default\\intermediates\\libs\\default":{"hashValue":"","name":"default","path":"C:\\Users\\Bryan\\DevEcoStudioProjects\\HealthAppFix\\entry\\build\\default\\intermediates\\libs\\default","type":"directory","isSymbolicLink":false,"children":[]},"C:\\Users\\Bryan\\DevEcoStudioProjects\\HealthAppFix\\entry\\src\\main\\resources":{"hashValue":"88fed3394896b7f350c93dc717da7797","name":"resources","path":"C:\\Users\\Bryan\\DevEcoStudioProjects\\HealthAppFix\\entry\\src\\main\\resources","type":"directory","isSymbolicLink":false,"children":[{"hashValue":"d6ec5883b6f83de99ba92e22f65998a2","name":"base","path":"C:\\Users\\Bryan\\DevEcoStudioProjects\\HealthAppFix\\entry\\src\\main\\resources\\base","type":"directory","isSymbolicLink":false,"children":[{"hashValue":"b9e853a775bef7a3fe1d84f02de711fa","name":"element","path":"C:\\Users\\Bryan\\DevEcoStudioProjects\\HealthAppFix\\entry\\src\\main\\resources\\base\\element","type":"directory","isSymbolicLink":false,"children":[{"hashValue":"d2659fe855959e91daa00f28023180c4","name":"color.json","path":"C:\\Users\\Bryan\\DevEcoStudioProjects\\HealthAppFix\\entry\\src\\main\\resources\\base\\element\\color.json","type":"file","isSymbolicLink":false,"fileMetaData":{"size":105,"lastModifiedTime":1766120837436}},{"hashValue":"8a007763cb994a6563a39930e3bf110a","name":"float.json","path":"C:\\Users\\Bryan\\DevEcoStudioProjects\\HealthAppFix\\entry\\src\\main\\resources\\base\\element\\float.json","type":"file","isSymbolicLink":false,"fileMetaData":{"size":100,"lastModifiedTime":1766120837449}},{"hashValue":"06895c8352d6e0c2b63dcd285a9f5dbe","name":"string.json","path":"C:\\Users\\Bryan\\DevEcoStudioProjects\\HealthAppFix\\entry\\src\\main\\resources\\base\\element\\string.json","type":"file","isSymbolicLink":false,"fileMetaData":{"size":400,"lastModifiedTime":1766646758624}}]},{"hashValue":"1d29ed28738c2ce4962d2b9d2bf50b3d","name":"media","path":"C:\\Users\\Bryan\\DevEcoStudioProjects\\HealthAppFix\\entry\\src\\main\\resources\\base\\media","type":"directory","isSymbolicLink":false,"children":[{"hashValue":"ad8480e7067f540e2bed611a2ce6b76a","name":"background.png","path":"C:\\Users\\Bryan\\DevEcoStudioProjects\\HealthAppFix\\entry\\src\\main\\resources\\base\\media\\background.png","type":"file","isSymbolicLink":false,"fileMetaData":{"size":91942,"lastModifiedTime":1766120837466}},{"hashValue":"429b2ddb219f3883fde08a1ea76196b8","name":"foreground.png","path":"C:\\Users\\Bryan\\DevEcoStudioProjects\\HealthAppFix\\entry\\src\\main\\resources\\base\\media\\foreground.png","type":"file","isSymbolicLink":false,"fileMetaData":{"size":8805,"lastModifiedTime":1766120837475}},{"hashValue":"fed57b2512f48b11d3e4cc45dbcb7f21","name":"icon_camera.png","path":"C:\\Users\\Bryan\\DevEcoStudioProjects\\HealthAppFix\\entry\\src\\main\\resources\\base\\media\\icon_camera.png","type":"file","isSymbolicLink":false,"fileMetaData":{"size":13061,"lastModifiedTime":1767513330812}},{"hashValue":"3e48a064c2962fbbeeaebfae667a3f3a","name":"icon_folder.png","path":"C:\\Users\\Bryan\\DevEcoStudioProjects\\HealthAppFix\\entry\\src\\main\\resources\\base\\media\\icon_folder.png","type":"file","isSymbolicLink":false,"fileMetaData":{"size":7661,"lastModifiedTime":1767513497190}},{"hashValue":"629fe06baf385fd6391a5d26968fd379","name":"icon_heart.png","path":"C:\\Users\\Bryan\\DevEcoStudioProjects\\HealthAppFix\\entry\\src\\main\\resources\\base\\media\\icon_heart.png","type":"file","isSymbolicLink":false,"fileMetaData":{"size":51209,"lastModifiedTime":1767513418013}},{"hashValue":"aa42add97d3c586d4c8d741b2988212b","name":"icon_hospital.png","path":"C:\\Users\\Bryan\\DevEcoStudioProjects\\HealthAppFix\\entry\\src\\main\\resources\\base\\media\\icon_hospital.png","type":"file","isSymbolicLink":false,"fileMetaData":{"size":11798,"lastModifiedTime":1767513379175}},{"hashValue":"d40dcad169bace132d1cd3b6e6cbadd4","name":"icon_life.png","path":"C:\\Users\\Bryan\\DevEcoStudioProjects\\HealthAppFix\\entry\\src\\main\\resources\\base\\media\\icon_life.png","type":"file","isSymbolicLink":false,"fileMetaData":{"size":44580,"lastModifiedTime":1767513460442}},{"hashValue":"f97168d6f846c96b581b83e03e3e9002","name":"layered_image.json","path":"C:\\Users\\Bryan\\DevEcoStudioProjects\\HealthAppFix\\entry\\src\\main\\resources\\base\\media\\layered_image.json","type":"file","isSymbolicLink":false,"fileMetaData":{"size":109,"lastModifiedTime":1766120837485}},{"hashValue":"73f8e1f3f55e75c53bf89619fc53b238","name":"startIcon.png","path":"C:\\Users\\Bryan\\DevEcoStudioProjects\\HealthAppFix\\entry\\src\\main\\resources\\base\\media\\startIcon.png","type":"file","isSymbolicLink":false,"fileMetaData":{"size":20093,"lastModifiedTime":1766120837499}}]},{"hashValue":"377af044e34beffdbcc4b499e75bd459","name":"profile","path":"C:\\Users\\Bryan\\DevEcoStudioProjects\\HealthAppFix\\entry\\src\\main\\resources\\base\\profile","type":"directory","isSymbolicLink":false,"children":[{"hashValue":"3640248bbe605424917033d4a1cd0ac3","name":"backup_config.json","path":"C:\\Users\\Bryan\\DevEcoStudioProjects\\HealthAppFix\\entry\\src\\main\\resources\\base\\profile\\backup_config.json","type":"file","isSymbolicLink":false,"fileMetaData":{"size":36,"lastModifiedTime":1766120837598}},{"hashValue":"bdfbc149766e5e2d888310626dfb083e","name":"main_pages.json","path":"C:\\Users\\Bryan\\DevEcoStudioProjects\\HealthAppFix\\entry\\src\\main\\resources\\base\\profile\\main_pages.json","type":"file","isSymbolicLink":false,"fileMetaData":{"size":235,"lastModifiedTime":1767508883203}}]}]},{"hashValue":"ee30d43be8f2147f9794b7b0e9f48b0a","name":"dark","path":"C:\\Users\\Bryan\\DevEcoStudioProjects\\HealthAppFix\\entry\\src\\main\\resources\\dark","type":"directory","isSymbolicLink":false,"children":[{"hashValue":"f46499df74a76de29a3f90316a32a177","name":"element","path":"C:\\Users\\Bryan\\DevEcoStudioProjects\\HealthAppFix\\entry\\src\\main\\resources\\dark\\element","type":"directory","isSymbolicLink":false,"children":[{"hashValue":"8bb2c02b79e15e8c8e05cdc808d63f16","name":"color.json","path":"C:\\Users\\Bryan\\DevEcoStudioProjects\\HealthAppFix\\entry\\src\\main\\resources\\dark\\element\\color.json","type":"file","isSymbolicLink":false,"fileMetaData":{"size":105,"lastModifiedTime":1766120837565}}]}]},{"hashValue":"8bf331be6eaaa4c3337e969375cadc92","name":"rawfile","path":"C:\\Users\\Bryan\\DevEcoStudioProjects\\HealthAppFix\\entry\\src\\main\\resources\\rawfile","type":"directory","isSymbolicLink":false,"children":[{"hashValue":"5d9c772e31adc89c2d78cad15da32080","name":"ocr_test.png","path":"C:\\Users\\Bryan\\DevEcoStudioProjects\\HealthAppFix\\entry\\src\\main\\resources\\rawfile\\ocr_test.png","type":"file","isSymbolicLink":false,"fileMetaData":{"size":199585,"lastModifiedTime":1766641100826}}]}]},"C:\\Users\\Bryan\\DevEcoStudioProjects\\HealthAppFix\\AppScope\\resources":{"hashValue":"1435613bb304097f36a6ea885fdd4ac5","name":"resources","path":"C:\\Users\\Bryan\\DevEcoStudioProjects\\HealthAppFix\\AppScope\\resources","type":"directory","isSymbolicLink":false,"children":[{"hashValue":"6f07a1d43071e6ff80e06defd2baee72","name":"base","path":"C:\\Users\\Bryan\\DevEcoStudioProjects\\HealthAppFix\\AppScope\\resources\\base","type":"directory","isSymbolicLink":false,"children":[{"hashValue":"d51458fe40380562eef6312d852bfa27","name":"element","path":"C:\\Users\\Bryan\\DevEcoStudioProjects\\HealthAppFix\\AppScope\\resources\\base\\element","type":"directory","isSymbolicLink":false,"children":[{"hashValue":"fd323b5d45ae607d71ca5455ffeb4daa","name":"string.json","path":"C:\\Users\\Bryan\\DevEcoStudioProjects\\HealthAppFix\\AppScope\\resources\\base\\element\\string.json","type":"file","isSymbolicLink":false,"fileMetaData":{"size":98,"lastModifiedTime":1766120837166}}]},{"hashValue":"089ec8162dfb67e5392352f3b4517d35","name":"media","path":"C:\\Users\\Bryan\\DevEcoStudioProjects\\HealthAppFix\\AppScope\\resources\\base\\media","type":"directory","isSymbolicLink":false,"children":[{"hashValue":"43059ba78b01a8aba3bf4d61b064ef33","name":"background.png","path":"C:\\Users\\Bryan\\DevEcoStudioProjects\\HealthAppFix\\AppScope\\resources\\base\\media\\background.png","type":"file","isSymbolicLink":false,"fileMetaData":{"size":91942,"lastModifiedTime":1766120837132}},{"hashValue":"9af2f0d3641435ff72ea636ec2b47768","name":"foreground.png","path":"C:\\Users\\Bryan\\DevEcoStudioProjects\\HealthAppFix\\AppScope\\resources\\base\\media\\foreground.png","type":"file","isSymbolicLink":false,"fileMetaData":{"size":8805,"lastModifiedTime":1766120837139}},{"hashValue":"408f73da815622889a2000d629435d1b","name":"layered_image.json","path":"C:\\Users\\Bryan\\DevEcoStudioProjects\\HealthAppFix\\AppScope\\resources\\base\\media\\layered_image.json","type":"file","isSymbolicLink":false,"fileMetaData":{"size":109,"lastModifiedTime":1766120837146}}]}]}]},"C:\\Users\\Bryan\\DevEcoStudioProjects\\HealthAppFix\\entry\\build\\default\\intermediates\\res\\default":{"hashValue":"c9596ad23828bdec57d43ad22bb33181","name":"default","path":"C:\\Users\\Bryan\\DevEcoStudioProjects\\HealthAppFix\\entry\\build\\default\\intermediates\\res\\default","type":"directory","isSymbolicLink":false,"children":[{"hashValue":"c0237989e133cc9338adddf0325163df","name":".caches","path":"C:\\Users\\Bryan\\DevEcoStudioProjects\\HealthAppFix\\entry\\build\\default\\intermediates\\res\\default\\.caches","type":"directory","isSymbolicLink":false,"children":[{"hashValue":"192eb1e71b1c00fc41c6572ab6ad21c7","name":"base","path":"C:\\Users\\Bryan\\DevEcoStudioProjects\\HealthAppFix\\entry\\build\\default\\intermediates\\res\\default\\.caches\\base","type":"directory","isSymbolicLink":false,"children":[{"hashValue":"b61345d0fddeb3cbd454ffd226c12070","name":"media","path":"C:\\Users\\Bryan\\DevEcoStudioProjects\\HealthAppFix\\entry\\build\\default\\intermediates\\res\\default\\.caches\\base\\media","type":"directory","isSymbolicLink":false,"children":[{"hashValue":"d3406e6208ec11dd840361455134e291","name":"background.png","path":"C:\\Users\\Bryan\\DevEcoStudioProjects\\HealthAppFix\\entry\\build\\default\\intermediates\\res\\default\\.caches\\base\\media\\background.png","type":"file","isSymbolicLink":false,"fileMetaData":{"size":70283,"lastModifiedTime":1767513569856}},{"hashValue":"d44177058b0bafb60750af119d0b28c5","name":"foreground.png","path":"C:\\Users\\Bryan\\DevEcoStudioProjects\\HealthAppFix\\entry\\build\\default\\intermediates\\res\\default\\.caches\\base\\media\\foreground.png","type":"file","isSymbolicLink":false,"fileMetaData":{"size":9325,"lastModifiedTime":1767513569890}}]}]}]},{"hashValue":"1fab20596e83d5f5f15088473fe3a466","name":"ark_module.json","path":"C:\\Users\\Bryan\\DevEcoStudioProjects\\HealthAppFix\\entry\\build\\default\\intermediates\\res\\default\\ark_module.json","type":"file","isSymbolicLink":false,"fileMetaData":{"size":1502,"lastModifiedTime":1766647381077}},{"hashValue":"4202dd245ba195de990e0a2ee0cb8709","name":"ids_map","path":"C:\\Users\\Bryan\\DevEcoStudioProjects\\HealthAppFix\\entry\\build\\default\\intermediates\\res\\default\\ids_map","type":"directory","isSymbolicLink":false,"children":[{"hashValue":"334934c8ab66fb856887be13b77504a8","name":"id_defined.json","path":"C:\\Users\\Bryan\\DevEcoStudioProjects\\HealthAppFix\\entry\\build\\default\\intermediates\\res\\default\\ids_map\\id_defined.json","type":"file","isSymbolicLink":false,"fileMetaData":{"size":1422,"lastModifiedTime":1767513569891}}]},{"hashValue":"caaa1d9b5daf78235cbe196df9538529","name":"module.json","path":"C:\\Users\\Bryan\\DevEcoStudioProjects\\HealthAppFix\\entry\\build\\default\\intermediates\\res\\default\\module.json","type":"file","isSymbolicLink":false,"fileMetaData":{"size":2098,"lastModifiedTime":1767513569819}},{"hashValue":"46dc76cfe7e12c21d065461a40a3efda","name":"opt-compression.json","path":"C:\\Users\\Bryan\\DevEcoStudioProjects\\HealthAppFix\\entry\\build\\default\\intermediates\\res\\default\\opt-compression.json","type":"file","isSymbolicLink":false,"fileMetaData":{"size":180,"lastModifiedTime":1766121313873}},{"hashValue":"a507c837421176f3622a0428bc8b126a","name":"resConfig.json","path":"C:\\Users\\Bryan\\DevEcoStudioProjects\\HealthAppFix\\entry\\build\\default\\intermediates\\res\\default\\resConfig.json","type":"file","isSymbolicLink":false,"fileMetaData":{"size":1202,"lastModifiedTime":1766121313875}},{"hashValue":"019cefc627608067d680b3c94fddd574","name":"resources","path":"C:\\Users\\Bryan\\DevEcoStudioProjects\\HealthAppFix\\entry\\build\\default\\intermediates\\res\\default\\resources","type":"directory","isSymbolicLink":false,"children":[{"hashValue":"214e5d88c51165f17b2f86ecef76b261","name":"base","path":"C:\\Users\\Bryan\\DevEcoStudioProjects\\HealthAppFix\\entry\\build\\default\\intermediates\\res\\default\\resources\\base","type":"directory","isSymbolicLink":false,"children":[{"hashValue":"776b7cccb220ed7faab0db479c00de70","name":"media","path":"C:\\Users\\Bryan\\DevEcoStudioProjects\\HealthAppFix\\entry\\build\\default\\intermediates\\res\\default\\resources\\base\\media","type":"directory","isSymbolicLink":false,"children":[{"hashValue":"d3406e6208ec11dd840361455134e291","name":"background.png","path":"C:\\Users\\Bryan\\DevEcoStudioProjects\\HealthAppFix\\entry\\build\\default\\intermediates\\res\\default\\resources\\base\\media\\background.png","type":"file","isSymbolicLink":false,"fileMetaData":{"size":70283,"lastModifiedTime":1767513569856}},{"hashValue":"d44177058b0bafb60750af119d0b28c5","name":"foreground.png","path":"C:\\Users\\Bryan\\DevEcoStudioProjects\\HealthAppFix\\entry\\build\\default\\intermediates\\res\\default\\resources\\base\\media\\foreground.png","type":"file","isSymbolicLink":false,"fileMetaData":{"size":9325,"lastModifiedTime":1767513569890}},{"hashValue":"fed57b2512f48b11d3e4cc45dbcb7f21","name":"icon_camera.png","path":"C:\\Users\\Bryan\\DevEcoStudioProjects\\HealthAppFix\\entry\\build\\default\\intermediates\\res\\default\\resources\\base\\media\\icon_camera.png","type":"file","isSymbolicLink":false,"fileMetaData":{"size":13061,"lastModifiedTime":1767513330812}},{"hashValue":"3e48a064c2962fbbeeaebfae667a3f3a","name":"icon_folder.png","path":"C:\\Users\\Bryan\\DevEcoStudioProjects\\HealthAppFix\\entry\\build\\default\\intermediates\\res\\default\\resources\\base\\media\\icon_folder.png","type":"file","isSymbolicLink":false,"fileMetaData":{"size":7661,"lastModifiedTime":1767513497190}},{"hashValue":"629fe06baf385fd6391a5d26968fd379","name":"icon_heart.png","path":"C:\\Users\\Bryan\\DevEcoStudioProjects\\HealthAppFix\\entry\\build\\default\\intermediates\\res\\default\\resources\\base\\media\\icon_heart.png","type":"file","isSymbolicLink":false,"fileMetaData":{"size":51209,"lastModifiedTime":1767513418013}},{"hashValue":"aa42add97d3c586d4c8d741b2988212b","name":"icon_hospital.png","path":"C:\\Users\\Bryan\\DevEcoStudioProjects\\HealthAppFix\\entry\\build\\default\\intermediates\\res\\default\\resources\\base\\media\\icon_hospital.png","type":"file","isSymbolicLink":false,"fileMetaData":{"size":11798,"lastModifiedTime":1767513379175}},{"hashValue":"d40dcad169bace132d1cd3b6e6cbadd4","name":"icon_life.png","path":"C:\\Users\\Bryan\\DevEcoStudioProjects\\HealthAppFix\\entry\\build\\default\\intermediates\\res\\default\\resources\\base\\media\\icon_life.png","type":"file","isSymbolicLink":false,"fileMetaData":{"size":44580,"lastModifiedTime":1767513460442}},{"hashValue":"7db800b5d07babc6d1489b0e7c60bdbb","name":"layered_image.json","path":"C:\\Users\\Bryan\\DevEcoStudioProjects\\HealthAppFix\\entry\\build\\default\\intermediates\\res\\default\\resources\\base\\media\\layered_image.json","type":"file","isSymbolicLink":false,"fileMetaData":{"size":95,"lastModifiedTime":1767513569787}},{"hashValue":"73f8e1f3f55e75c53bf89619fc53b238","name":"startIcon.png","path":"C:\\Users\\Bryan\\DevEcoStudioProjects\\HealthAppFix\\entry\\build\\default\\intermediates\\res\\default\\resources\\base\\media\\startIcon.png","type":"file","isSymbolicLink":false,"fileMetaData":{"size":20093,"lastModifiedTime":1766120837499}}]},{"hashValue":"377af044e34beffdbcc4b499e75bd459","name":"profile","path":"C:\\Users\\Bryan\\DevEcoStudioProjects\\HealthAppFix\\entry\\build\\default\\intermediates\\res\\default\\resources\\base\\profile","type":"directory","isSymbolicLink":false,"children":[{"hashValue":"3640248bbe605424917033d4a1cd0ac3","name":"backup_config.json","path":"C:\\Users\\Bryan\\DevEcoStudioProjects\\HealthAppFix\\entry\\build\\default\\intermediates\\res\\default\\resources\\base\\profile\\backup_config.json","type":"file","isSymbolicLink":false,"fileMetaData":{"size":36,"lastModifiedTime":1766120837598}},{"hashValue":"bdfbc149766e5e2d888310626dfb083e","name":"main_pages.json","path":"C:\\Users\\Bryan\\DevEcoStudioProjects\\HealthAppFix\\entry\\build\\default\\intermediates\\res\\default\\resources\\base\\profile\\main_pages.json","type":"file","isSymbolicLink":false,"fileMetaData":{"size":235,"lastModifiedTime":1767508883203}}]}]},{"hashValue":"8bf331be6eaaa4c3337e969375cadc92","name":"rawfile","path":"C:\\Users\\Bryan\\DevEcoStudioProjects\\HealthAppFix\\entry\\build\\default\\intermediates\\res\\default\\resources\\rawfile","type":"directory","isSymbolicLink":false,"children":[{"hashValue":"5d9c772e31adc89c2d78cad15da32080","name":"ocr_test.png","path":"C:\\Users\\Bryan\\DevEcoStudioProjects\\HealthAppFix\\entry\\build\\default\\intermediates\\res\\default\\resources\\rawfile\\ocr_test.png","type":"file","isSymbolicLink":false,"fileMetaData":{"size":199585,"lastModifiedTime":1766641100826}}]}]},{"hashValue":"e5fde10f8d188e35af52bd24bce48cc6","name":"resources.index","path":"C:\\Users\\Bryan\\DevEcoStudioProjects\\HealthAppFix\\entry\\build\\default\\intermediates\\res\\default\\resources.index","type":"file","isSymbolicLink":false,"fileMetaData":{"size":1551,"lastModifiedTime":1767513569891}},{"hashValue":"8b8ca19b32eefdb7729e62af9fa45c50","name":"ResourceTable.txt","path":"C:\\Users\\Bryan\\DevEcoStudioProjects\\HealthAppFix\\entry\\build\\default\\intermediates\\res\\default\\ResourceTable.txt","type":"file","isSymbolicLink":false,"fileMetaData":{"size":578,"lastModifiedTime":1767513569818}}]},"C:\\Users\\Bryan\\DevEcoStudioProjects\\HealthAppFix\\entry\\build\\default\\generated\\r\\default\\ResourceTable.h":{"hashValue":"48990e4ef8380c17d81b2002c6caba1c","name":"ResourceTable.h","path":"C:\\Users\\Bryan\\DevEcoStudioProjects\\HealthAppFix\\entry\\build\\default\\generated\\r\\default\\ResourceTable.h","type":"file","isSymbolicLink":false,"fileMetaData":{"size":1590,"lastModifiedTime":1767513569818}},"C:\\Users\\Bryan\\DevEcoStudioProjects\\HealthAppFix\\entry\\build\\default\\generated\\r\\default":{"hashValue":"bfeee6097dcdae6dbdb29d8278fbf40e","name":"default","path":"C:\\Users\\Bryan\\DevEcoStudioProjects\\HealthAppFix\\entry\\build\\default\\generated\\r\\default","type":"directory","isSymbolicLink":false,"children":[{"hashValue":"48990e4ef8380c17d81b2002c6caba1c","name":"ResourceTable.h","path":"C:\\Users\\Bryan\\DevEcoStudioProjects\\HealthAppFix\\entry\\build\\default\\generated\\r\\default\\ResourceTable.h","type":"file","isSymbolicLink":false,"fileMetaData":{"size":1590,"lastModifiedTime":1767513569818}}]},"C:\\Users\\Bryan\\DevEcoStudioProjects\\HealthAppFix\\entry\\build\\default\\intermediates\\stripped_native_libs\\default":{"hashValue":"","name":"default","path":"C:\\Users\\Bryan\\DevEcoStudioProjects\\HealthAppFix\\entry\\build\\default\\intermediates\\stripped_native_libs\\default","type":"directory","isSymbolicLink":false,"children":[]},"C:\\Users\\Bryan\\DevEcoStudioProjects\\HealthAppFix\\entry\\build\\default\\intermediates\\patch\\default\\base_native_libs.json":{"hashValue":"4ec85870ad0700e2d030e9891949f3cf","name":"base_native_libs.json","path":"C:\\Users\\Bryan\\DevEcoStudioProjects\\HealthAppFix\\entry\\build\\default\\intermediates\\patch\\default\\base_native_libs.json","type":"file","isSymbolicLink":false,"fileMetaData":{"size":25,"lastModifiedTime":1766121316399}},"C:\\Users\\Bryan\\DevEcoStudioProjects\\HealthAppFix\\entry\\build\\default\\intermediates\\loader\\default":{"hashValue":"fc946dfacac6596844162bb1c3edcc86","name":"default","path":"C:\\Users\\Bryan\\DevEcoStudioProjects\\HealthAppFix\\entry\\build\\default\\intermediates\\loader\\default","type":"directory","isSymbolicLink":false,"children":[{"hashValue":"b97507346f86d15feb9cf16d076bb92f","name":"loader.json","path":"C:\\Users\\Bryan\\DevEcoStudioProjects\\HealthAppFix\\entry\\build\\default\\intermediates\\loader\\default\\loader.json","type":"file","isSymbolicLink":false,"fileMetaData":{"size":1016,"lastModifiedTime":1766647381117}},{"hashValue":"2f49d33ce1c6563e88a8dbd149350bfe","name":"pkgContextInfo.json","path":"C:\\Users\\Bryan\\DevEcoStudioProjects\\HealthAppFix\\entry\\build\\default\\intermediates\\loader\\default\\pkgContextInfo.json","type":"file","isSymbolicLink":false,"fileMetaData":{"size":444,"lastModifiedTime":1766121313645}}]},"C:\\Users\\Bryan\\DevEcoStudioProjects\\HealthAppFix\\entry\\build\\default\\intermediates\\res\\default\\resources\\rawfile":{"hashValue":"8bf331be6eaaa4c3337e969375cadc92","name":"rawfile","path":"C:\\Users\\Bryan\\DevEcoStudioProjects\\HealthAppFix\\entry\\build\\default\\intermediates\\res\\default\\resources\\rawfile","type":"directory","isSymbolicLink":false,"children":[{"hashValue":"5d9c772e31adc89c2d78cad15da32080","name":"ocr_test.png","path":"C:\\Users\\Bryan\\DevEcoStudioProjects\\HealthAppFix\\entry\\build\\default\\intermediates\\res\\default\\resources\\rawfile\\ocr_test.png","type":"file","isSymbolicLink":false,"fileMetaData":{"size":199585,"lastModifiedTime":1766641100826}}]},"C:\\Users\\Bryan\\DevEcoStudioProjects\\HealthAppFix\\entry\\build\\default\\intermediates\\res\\default\\ResourceTable.txt":{"hashValue":"8b8ca19b32eefdb7729e62af9fa45c50","name":"ResourceTable.txt","path":"C:\\Users\\Bryan\\DevEcoStudioProjects\\HealthAppFix\\entry\\build\\default\\intermediates\\res\\default\\ResourceTable.txt","type":"file","isSymbolicLink":false,"fileMetaData":{"size":578,"lastModifiedTime":1767513569818}},"C:\\Users\\Bryan\\DevEcoStudioProjects\\HealthAppFix\\entry\\build\\default\\intermediates\\res\\default\\ark_module.json":{"hashValue":"1fab20596e83d5f5f15088473fe3a466","name":"ark_module.json","path":"C:\\Users\\Bryan\\DevEcoStudioProjects\\HealthAppFix\\entry\\build\\default\\intermediates\\res\\default\\ark_module.json","type":"file","isSymbolicLink":false,"fileMetaData":{"size":1502,"lastModifiedTime":1766647381077}},"C:\\Users\\Bryan\\DevEcoStudioProjects\\HealthAppFix\\entry\\build\\default\\intermediates\\res\\default\\resources\\base\\profile":{"hashValue":"377af044e34beffdbcc4b499e75bd459","name":"profile","path":"C:\\Users\\Bryan\\DevEcoStudioProjects\\HealthAppFix\\entry\\build\\default\\intermediates\\res\\default\\resources\\base\\profile","type":"directory","isSymbolicLink":false,"children":[{"hashValue":"3640248bbe605424917033d4a1cd0ac3","name":"backup_config.json","path":"C:\\Users\\Bryan\\DevEcoStudioProjects\\HealthAppFix\\entry\\build\\default\\intermediates\\res\\default\\resources\\base\\profile\\backup_config.json","type":"file","isSymbolicLink":false,"fileMetaData":{"size":36,"lastModifiedTime":1766120837598}},{"hashValue":"bdfbc149766e5e2d888310626dfb083e","name":"main_pages.json","path":"C:\\Users\\Bryan\\DevEcoStudioProjects\\HealthAppFix\\entry\\build\\default\\intermediates\\res\\default\\resources\\base\\profile\\main_pages.json","type":"file","isSymbolicLink":false,"fileMetaData":{"size":235,"lastModifiedTime":1767508883203}}]},"C:\\Users\\Bryan\\DevEcoStudioProjects\\HealthAppFix\\entry\\src\\main\\ets":{"hashValue":"55d9dd01a07e79c89647c30dafb9ce41","name":"ets","path":"C:\\Users\\Bryan\\DevEcoStudioProjects\\HealthAppFix\\entry\\src\\main\\ets","type":"directory","isSymbolicLink":false,"children":[{"hashValue":"0a9eca6f28babbf498d03a0560adc445","name":"data","path":"C:\\Users\\Bryan\\DevEcoStudioProjects\\HealthAppFix\\entry\\src\\main\\ets\\data","type":"directory","isSymbolicLink":false,"children":[{"hashValue":"a6e0a12785a43eb74e2f3c9b959ddaf0","name":"dm","path":"C:\\Users\\Bryan\\DevEcoStudioProjects\\HealthAppFix\\entry\\src\\main\\ets\\data\\dm","type":"directory","isSymbolicLink":false,"children":[{"hashValue":"55227ad8eae6fed846802a0cdf6fbe2b","name":"DMDb.ets","path":"C:\\Users\\Bryan\\DevEcoStudioProjects\\HealthAppFix\\entry\\src\\main\\ets\\data\\dm\\DMDb.ets","type":"file","isSymbolicLink":false,"fileMetaData":{"size":1557,"lastModifiedTime":1766121179306}},{"hashValue":"aa3c31559e0ac7764c4dd090cbca8bc0","name":"DMDistStore.ets","path":"C:\\Users\\Bryan\\DevEcoStudioProjects\\HealthAppFix\\entry\\src\\main\\ets\\data\\dm\\DMDistStore.ets","type":"file","isSymbolicLink":false,"fileMetaData":{"size":6681,"lastModifiedTime":1766647355386}},{"hashValue":"f3cd4b3af38faf1de1c47cefe1a7b841","name":"DMFileStore.ets","path":"C:\\Users\\Bryan\\DevEcoStudioProjects\\HealthAppFix\\entry\\src\\main\\ets\\data\\dm\\DMFileStore.ets","type":"file","isSymbolicLink":false,"fileMetaData":{"size":981,"lastModifiedTime":1766121186919}},{"hashValue":"8068bb04beac64700acb4441f5410c15","name":"DMOcrStub.ets","path":"C:\\Users\\Bryan\\DevEcoStudioProjects\\HealthAppFix\\entry\\src\\main\\ets\\data\\dm\\DMOcrStub.ets","type":"file","isSymbolicLink":false,"fileMetaData":{"size":2146,"lastModifiedTime":1766639664786}},{"hashValue":"92f9318c20d7fe64676a7158f06d16e2","name":"DMRepository.ets","path":"C:\\Users\\Bryan\\DevEcoStudioProjects\\HealthAppFix\\entry\\src\\main\\ets\\data\\dm\\DMRepository.ets","type":"file","isSymbolicLink":false,"fileMetaData":{"size":7479,"lastModifiedTime":1766646875787}},{"hashValue":"a757d68d36d7bbcd31d91c084ab46c1f","name":"DMSyncStub.ets","path":"C:\\Users\\Bryan\\DevEcoStudioProjects\\HealthAppFix\\entry\\src\\main\\ets\\data\\dm\\DMSyncStub.ets","type":"file","isSymbolicLink":false,"fileMetaData":{"size":1266,"lastModifiedTime":1766646850501}},{"hashValue":"b17f7b0c41a0083a1dba928dc5cb8967","name":"DMTypes.ets","path":"C:\\Users\\Bryan\\DevEcoStudioProjects\\HealthAppFix\\entry\\src\\main\\ets\\data\\dm\\DMTypes.ets","type":"file","isSymbolicLink":false,"fileMetaData":{"size":453,"lastModifiedTime":1766121241607}}]}]},{"hashValue":"ca49a49e13292758498f10d10ab5c69f","name":"entryability","path":"C:\\Users\\Bryan\\DevEcoStudioProjects\\HealthAppFix\\entry\\src\\main\\ets\\entryability","type":"directory","isSymbolicLink":false,"children":[{"hashValue":"067dba5c9a3710679c9ab16703082854","name":"EntryAbility.ets","path":"C:\\Users\\Bryan\\DevEcoStudioProjects\\HealthAppFix\\entry\\src\\main\\ets\\entryability\\EntryAbility.ets","type":"file","isSymbolicLink":false,"fileMetaData":{"size":1623,"lastModifiedTime":1766120837546}}]},{"hashValue":"fbdd741760f17249319d8f8c4b0b6fb5","name":"entrybackupability","path":"C:\\Users\\Bryan\\DevEcoStudioProjects\\HealthAppFix\\entry\\src\\main\\ets\\entrybackupability","type":"directory","isSymbolicLink":false,"children":[{"hashValue":"54be38c3accd1c7b0b7445e6a7e51cba","name":"EntryBackupAbility.ets","path":"C:\\Users\\Bryan\\DevEcoStudioProjects\\HealthAppFix\\entry\\src\\main\\ets\\entrybackupability\\EntryBackupAbility.ets","type":"file","isSymbolicLink":false,"fileMetaData":{"size":522,"lastModifiedTime":1766120841021}}]},{"hashValue":"ae5a37c643ceec0c7f314f3a389c5278","name":"pages","path":"C:\\Users\\Bryan\\DevEcoStudioProjects\\HealthAppFix\\entry\\src\\main\\ets\\pages","type":"directory","isSymbolicLink":false,"children":[{"hashValue":"81fede6bd9f7eb10dca19ab145436889","name":"dm","path":"C:\\Users\\Bryan\\DevEcoStudioProjects\\HealthAppFix\\entry\\src\\main\\ets\\pages\\dm","type":"directory","isSymbolicLink":false,"children":[{"hashValue":"77fbbe77f40ec48ccdacf8da88c17ac3","name":"DMAddRecord.ets","path":"C:\\Users\\Bryan\\DevEcoStudioProjects\\HealthAppFix\\entry\\src\\main\\ets\\pages\\dm\\DMAddRecord.ets","type":"file","isSymbolicLink":false,"fileMetaData":{"size":8062,"lastModifiedTime":1767510102060}},{"hashValue":"be381d3ee8e9533b27b34ece6073919b","name":"DMDailyLifeUpload.ets","path":"C:\\Users\\Bryan\\DevEcoStudioProjects\\HealthAppFix\\entry\\src\\main\\ets\\pages\\dm\\DMDailyLifeUpload.ets","type":"file","isSymbolicLink":false,"fileMetaData":{"size":3051,"lastModifiedTime":1767511292048}},{"hashValue":"621bbe604c7e24fcb2913bb813a0b892","name":"DMDetail.ets","path":"C:\\Users\\Bryan\\DevEcoStudioProjects\\HealthAppFix\\entry\\src\\main\\ets\\pages\\dm\\DMDetail.ets","type":"file","isSymbolicLink":false,"fileMetaData":{"size":3128,"lastModifiedTime":1766128074620}},{"hashValue":"4857b43a7d754129f3c839c1194e5de8","name":"DMHome.ets","path":"C:\\Users\\Bryan\\DevEcoStudioProjects\\HealthAppFix\\entry\\src\\main\\ets\\pages\\dm\\DMHome.ets","type":"file","isSymbolicLink":false,"fileMetaData":{"size":4252,"lastModifiedTime":1767513093555}},{"hashValue":"2297d9c0f7e957dc9dceedbd297199e7","name":"DMHospitalSync.ets","path":"C:\\Users\\Bryan\\DevEcoStudioProjects\\HealthAppFix\\entry\\src\\main\\ets\\pages\\dm\\DMHospitalSync.ets","type":"file","isSymbolicLink":false,"fileMetaData":{"size":2608,"lastModifiedTime":1767506087408}},{"hashValue":"0371c1cde42fc7300332a7634e151120","name":"DMList.ets","path":"C:\\Users\\Bryan\\DevEcoStudioProjects\\HealthAppFix\\entry\\src\\main\\ets\\pages\\dm\\DMList.ets","type":"file","isSymbolicLink":false,"fileMetaData":{"size":9378,"lastModifiedTime":1767509944575}},{"hashValue":"01175f8578f6ccc3e26d99af3436df2b","name":"DMSelfVitalUpload.ets","path":"C:\\Users\\Bryan\\DevEcoStudioProjects\\HealthAppFix\\entry\\src\\main\\ets\\pages\\dm\\DMSelfVitalUpload.ets","type":"file","isSymbolicLink":false,"fileMetaData":{"size":3505,"lastModifiedTime":1767511280524}}]},{"hashValue":"fb70e85171038e2570cff3dab8632c53","name":"Index.ets","path":"C:\\Users\\Bryan\\DevEcoStudioProjects\\HealthAppFix\\entry\\src\\main\\ets\\pages\\Index.ets","type":"file","isSymbolicLink":false,"fileMetaData":{"size":410,"lastModifiedTime":1767507383538}}]}]},"C:\\Users\\Bryan\\DevEcoStudioProjects\\HealthAppFix\\entry\\build\\default\\intermediates\\loader_out\\default\\ets":{"hashValue":"7dafd454d57564635741fe6330f59938","name":"ets","path":"C:\\Users\\Bryan\\DevEcoStudioProjects\\HealthAppFix\\entry\\build\\default\\intermediates\\loader_out\\default\\ets","type":"directory","isSymbolicLink":false,"children":[{"hashValue":"1a19c46f3237c5a78a703106893722c8","name":"modules.abc","path":"C:\\Users\\Bryan\\DevEcoStudioProjects\\HealthAppFix\\entry\\build\\default\\intermediates\\loader_out\\default\\ets\\modules.abc","type":"file","isSymbolicLink":false,"fileMetaData":{"size":165716,"lastModifiedTime":1767513580138}},{"hashValue":"d635c29f653db2e104c3c950b2ff9ab6","name":"sourceMaps.map","path":"C:\\Users\\Bryan\\DevEcoStudioProjects\\HealthAppFix\\entry\\build\\default\\intermediates\\loader_out\\default\\ets\\sourceMaps.map","type":"file","isSymbolicLink":false,"fileMetaData":{"size":63395,"lastModifiedTime":1767513579955}}]},"C:\\Users\\Bryan\\DevEcoStudioProjects\\HealthAppFix\\entry\\build\\default\\intermediates\\res\\default\\module.json":{"hashValue":"caaa1d9b5daf78235cbe196df9538529","name":"module.json","path":"C:\\Users\\Bryan\\DevEcoStudioProjects\\HealthAppFix\\entry\\build\\default\\intermediates\\res\\default\\module.json","type":"file","isSymbolicLink":false,"fileMetaData":{"size":2098,"lastModifiedTime":1767513569819}},"C:\\Users\\Bryan\\DevEcoStudioProjects\\HealthAppFix\\entry\\build\\default\\intermediates\\package\\default\\module.json":{"hashValue":"caaa1d9b5daf78235cbe196df9538529","name":"module.json","path":"C:\\Users\\Bryan\\DevEcoStudioProjects\\HealthAppFix\\entry\\build\\default\\intermediates\\package\\default\\module.json","type":"file","isSymbolicLink":false,"fileMetaData":{"size":2098,"lastModifiedTime":1767513569819}},"C:\\Users\\Bryan\\DevEcoStudioProjects\\HealthAppFix\\entry\\build\\default\\intermediates\\res\\default\\resources":{"hashValue":"019cefc627608067d680b3c94fddd574","name":"resources","path":"C:\\Users\\Bryan\\DevEcoStudioProjects\\HealthAppFix\\entry\\build\\default\\intermediates\\res\\default\\resources","type":"directory","isSymbolicLink":false,"children":[{"hashValue":"214e5d88c51165f17b2f86ecef76b261","name":"base","path":"C:\\Users\\Bryan\\DevEcoStudioProjects\\HealthAppFix\\entry\\build\\default\\intermediates\\res\\default\\resources\\base","type":"directory","isSymbolicLink":false,"children":[{"hashValue":"776b7cccb220ed7faab0db479c00de70","name":"media","path":"C:\\Users\\Bryan\\DevEcoStudioProjects\\HealthAppFix\\entry\\build\\default\\intermediates\\res\\default\\resources\\base\\media","type":"directory","isSymbolicLink":false,"children":[{"hashValue":"d3406e6208ec11dd840361455134e291","name":"background.png","path":"C:\\Users\\Bryan\\DevEcoStudioProjects\\HealthAppFix\\entry\\build\\default\\intermediates\\res\\default\\resources\\base\\media\\background.png","type":"file","isSymbolicLink":false,"fileMetaData":{"size":70283,"lastModifiedTime":1767513569856}},{"hashValue":"d44177058b0bafb60750af119d0b28c5","name":"foreground.png","path":"C:\\Users\\Bryan\\DevEcoStudioProjects\\HealthAppFix\\entry\\build\\default\\intermediates\\res\\default\\resources\\base\\media\\foreground.png","type":"file","isSymbolicLink":false,"fileMetaData":{"size":9325,"lastModifiedTime":1767513569890}},{"hashValue":"fed57b2512f48b11d3e4cc45dbcb7f21","name":"icon_camera.png","path":"C:\\Users\\Bryan\\DevEcoStudioProjects\\HealthAppFix\\entry\\build\\default\\intermediates\\res\\default\\resources\\base\\media\\icon_camera.png","type":"file","isSymbolicLink":false,"fileMetaData":{"size":13061,"lastModifiedTime":1767513330812}},{"hashValue":"3e48a064c2962fbbeeaebfae667a3f3a","name":"icon_folder.png","path":"C:\\Users\\Bryan\\DevEcoStudioProjects\\HealthAppFix\\entry\\build\\default\\intermediates\\res\\default\\resources\\base\\media\\icon_folder.png","type":"file","isSymbolicLink":false,"fileMetaData":{"size":7661,"lastModifiedTime":1767513497190}},{"hashValue":"629fe06baf385fd6391a5d26968fd379","name":"icon_heart.png","path":"C:\\Users\\Bryan\\DevEcoStudioProjects\\HealthAppFix\\entry\\build\\default\\intermediates\\res\\default\\resources\\base\\media\\icon_heart.png","type":"file","isSymbolicLink":false,"fileMetaData":{"size":51209,"lastModifiedTime":1767513418013}},{"hashValue":"aa42add97d3c586d4c8d741b2988212b","name":"icon_hospital.png","path":"C:\\Users\\Bryan\\DevEcoStudioProjects\\HealthAppFix\\entry\\build\\default\\intermediates\\res\\default\\resources\\base\\media\\icon_hospital.png","type":"file","isSymbolicLink":false,"fileMetaData":{"size":11798,"lastModifiedTime":1767513379175}},{"hashValue":"d40dcad169bace132d1cd3b6e6cbadd4","name":"icon_life.png","path":"C:\\Users\\Bryan\\DevEcoStudioProjects\\HealthAppFix\\entry\\build\\default\\intermediates\\res\\default\\resources\\base\\media\\icon_life.png","type":"file","isSymbolicLink":false,"fileMetaData":{"size":44580,"lastModifiedTime":1767513460442}},{"hashValue":"7db800b5d07babc6d1489b0e7c60bdbb","name":"layered_image.json","path":"C:\\Users\\Bryan\\DevEcoStudioProjects\\HealthAppFix\\entry\\build\\default\\intermediates\\res\\default\\resources\\base\\media\\layered_image.json","type":"file","isSymbolicLink":false,"fileMetaData":{"size":95,"lastModifiedTime":1767513569787}},{"hashValue":"73f8e1f3f55e75c53bf89619fc53b238","name":"startIcon.png","path":"C:\\Users\\Bryan\\DevEcoStudioProjects\\HealthAppFix\\entry\\build\\default\\intermediates\\res\\default\\resources\\base\\media\\startIcon.png","type":"file","isSymbolicLink":false,"fileMetaData":{"size":20093,"lastModifiedTime":1766120837499}}]},{"hashValue":"377af044e34beffdbcc4b499e75bd459","name":"profile","path":"C:\\Users\\Bryan\\DevEcoStudioProjects\\HealthAppFix\\entry\\build\\default\\intermediates\\res\\default\\resources\\base\\profile","type":"directory","isSymbolicLink":false,"children":[{"hashValue":"3640248bbe605424917033d4a1cd0ac3","name":"backup_config.json","path":"C:\\Users\\Bryan\\DevEcoStudioProjects\\HealthAppFix\\entry\\build\\default\\intermediates\\res\\default\\resources\\base\\profile\\backup_config.json","type":"file","isSymbolicLink":false,"fileMetaData":{"size":36,"lastModifiedTime":1766120837598}},{"hashValue":"bdfbc149766e5e2d888310626dfb083e","name":"main_pages.json","path":"C:\\Users\\Bryan\\DevEcoStudioProjects\\HealthAppFix\\entry\\build\\default\\intermediates\\res\\default\\resources\\base\\profile\\main_pages.json","type":"file","isSymbolicLink":false,"fileMetaData":{"size":235,"lastModifiedTime":1767508883203}}]}]},{"hashValue":"8bf331be6eaaa4c3337e969375cadc92","name":"rawfile","path":"C:\\Users\\Bryan\\DevEcoStudioProjects\\HealthAppFix\\entry\\build\\default\\intermediates\\res\\default\\resources\\rawfile","type":"directory","isSymbolicLink":false,"children":[{"hashValue":"5d9c772e31adc89c2d78cad15da32080","name":"ocr_test.png","path":"C:\\Users\\Bryan\\DevEcoStudioProjects\\HealthAppFix\\entry\\build\\default\\intermediates\\res\\default\\resources\\rawfile\\ocr_test.png","type":"file","isSymbolicLink":false,"fileMetaData":{"size":199585,"lastModifiedTime":1766641100826}}]}]},"C:\\Users\\Bryan\\DevEcoStudioProjects\\HealthAppFix\\entry\\build\\default\\intermediates\\res\\default\\resources.index":{"hashValue":"e5fde10f8d188e35af52bd24bce48cc6","name":"resources.index","path":"C:\\Users\\Bryan\\DevEcoStudioProjects\\HealthAppFix\\entry\\build\\default\\intermediates\\res\\default\\resources.index","type":"file","isSymbolicLink":false,"fileMetaData":{"size":1551,"lastModifiedTime":1767513569891}},"C:\\Users\\Bryan\\DevEcoStudioProjects\\HealthAppFix\\entry\\build\\default\\intermediates\\loader_out\\default\\ets\\sourceMaps.map":{"hashValue":"d635c29f653db2e104c3c950b2ff9ab6","name":"sourceMaps.map","path":"C:\\Users\\Bryan\\DevEcoStudioProjects\\HealthAppFix\\entry\\build\\default\\intermediates\\loader_out\\default\\ets\\sourceMaps.map","type":"file","isSymbolicLink":false,"fileMetaData":{"size":63395,"lastModifiedTime":1767513579955}},"C:\\Users\\Bryan\\DevEcoStudioProjects\\HealthAppFix\\entry\\build\\default\\outputs\\default\\entry-default-unsigned.hap":{"hashValue":"93a9f68c7f2a0f04ad145ffe5c2d616e","name":"entry-default-unsigned.hap","path":"C:\\Users\\Bryan\\DevEcoStudioProjects\\HealthAppFix\\entry\\build\\default\\outputs\\default\\entry-default-unsigned.hap","type":"file","isSymbolicLink":false,"fileMetaData":{"size":663796,"lastModifiedTime":1767513599121}},"C:\\Users\\Bryan\\DevEcoStudioProjects\\HealthAppFix\\entry\\build\\default\\intermediates\\source_map\\default\\sourceMaps.map":{"hashValue":"d635c29f653db2e104c3c950b2ff9ab6","name":"sourceMaps.map","path":"C:\\Users\\Bryan\\DevEcoStudioProjects\\HealthAppFix\\entry\\build\\default\\intermediates\\source_map\\default\\sourceMaps.map","type":"file","isSymbolicLink":false,"fileMetaData":{"size":63395,"lastModifiedTime":1767513579955}},"C:\\Users\\Bryan\\DevEcoStudioProjects\\HealthAppFix\\entry\\build\\default\\outputs\\default\\mapping\\sourceMaps.map":{"hashValue":"d635c29f653db2e104c3c950b2ff9ab6","name":"sourceMaps.map","path":"C:\\Users\\Bryan\\DevEcoStudioProjects\\HealthAppFix\\entry\\build\\default\\outputs\\default\\mapping\\sourceMaps.map","type":"file","isSymbolicLink":false,"fileMetaData":{"size":63395,"lastModifiedTime":1767513579955}},"C:\\Users\\Bryan\\DevEcoStudioProjects\\HealthAppFix\\entry\\build\\default\\generated\\profile\\default\\ModuleInfo.ts":{"hashValue":"","name":"emptyroot","path":"","type":"unknown","isSymbolicLink":false,"children":[]},"C:\\Users\\Bryan\\DevEcoStudioProjects\\HealthAppFix\\build\\cache\\default\\integrated_hsp\\integratedHspCache.json":{"hashValue":"","name":"emptyroot","path":"","type":"unknown","isSymbolicLink":false,"children":[]},"C:\\Users\\Bryan\\DevEcoStudioProjects\\HealthAppFix\\entry\\build\\default\\intermediates\\syscap\\default\\rpcid.sc":{"hashValue":"","name":"emptyroot","path":"","type":"unknown","isSymbolicLink":false,"children":[]},"C:\\Users\\Bryan\\DevEcoStudioProjects\\HealthAppFix\\entry\\build\\default\\intermediates\\loader_out\\default\\js":{"hashValue":"","name":"emptyroot","path":"","type":"unknown","isSymbolicLink":false,"children":[]},"C:\\Users\\Bryan\\DevEcoStudioProjects\\HealthAppFix\\entry\\build\\default\\outputs\\default\\entry-default-signed.hap":{"hashValue":"","name":"emptyroot","path":"","type":"unknown","isSymbolicLink":false,"children":[]},"C:\\Users\\Bryan\\DevEcoStudioProjects\\HealthAppFix\\entry\\build\\default\\outputs\\default\\symbol":{"hashValue":"","name":"emptyroot","path":"","type":"unknown","isSymbolicLink":false,"children":[]}}