{
  "HVIGOR_OHOS_PLUGIN": {
    "MODULES": [
      {
        "MODULE_NAME": "1043bfc77febe75fafec0c4309faccf1",
        "API_TYPE": "stageMode",
        "INCREMENTAL_TASKS": {
          "COMPILE_ARKTS": true
        }
      }
    ],
    "BUILD_MODE": "debug",
    "USE_NORMALIZED_OHMURL": true
  },
  "HVIGOR": {
    "IS_INCREMENTAL": true,
    "IS_DAEMON": true,
    "IS_PARALLEL": true,
    "IS_HVIGORFILE_TYPE_CHECK": false,
    "TASK_TIME": {
      "1043bfc77febe75fafec0c4309faccf1": {
        "CreateModuleInfo": 1003100,
        "ConfigureCmake": 215500,
        "PreCheckSyscap": 288900,
        "ProcessIntegratedHsp": 1540100,
        "BuildNativeWithCmake": 292200,
        "SyscapTransform": 1723200,
        "BuildNativeWithNinja": 970200,
        "CompileResource": 2509525200,
        "BuildJS": 2229400,
        "CompileArkTS": 27033647500,
        "GeneratePkgModuleJson": 1813100,
        "PackageHap": 2141149400,
        "SignHap": 1158100,
        "CollectDebugSymbol": 2849400,
        "assembleHap": 192400
      }
    },
    "TOTAL_TIME": 32169262600,
    "BUILD_ID": "202601041459269890"
  }
}